District,Name,Address
East Delhi,3rd eye foundation,"B-220, 1st FLOOR, 7th BLOCK, FRUIT AND VEGETABLE MARKET, GHAZIPUR, DELHI-110096"
East Delhi,Aabhass Foundation,"408, First floor, West Guru Angad Nagar, Laxmi Nagar, Delhi-110092."
East Delhi,Aadharshila Welfare Society,"C-1/195, NAND NAGRI, DELHI 110093"
East Delhi,AASH FOUNDATION,"H.No./ 80,3RD FLOOR, STREET NO.1, VILLAGE KHICHRIPUR, DELHI-110091"
East Delhi,AAYUSH WELFARE FOUNDATION,"D-19,Second Floor,D-Block,east Jyoti Nagar,New Delhi"
East Delhi,AAYUSHMAT SAHYOG FOUNDATION,"306, SURYA COMPLEX, 21 VEER SAVARKAR BLOCK, SHAKARPUR, DELHI-110092"
East Delhi,ABHYUDAYA TRUST,C-943 DDA FLATS EAST OF LONI ROAD SHAHDRA
East Delhi,ADHIKARDHARA TRUST,"H.NO. A -236, GALI NO.2, RAMA GARDEN, DELHI-110094"
West Delhi,AAHAR SANKALP FOUNDATION,"B-130, SUBHASH PARK EXTENSION,UTTAM NAGAR, NEW DELHI- 110059"
West Delhi,AASHIRWAD FOUNDATION OF INDIA,"M-471, GRU HARKISHAN NAGAR, PASCHIM VIHAR, NEW DELHI-110087"
West Delhi,Aasra Al Hind Educational And Social Welfare Society,"B- 412 D D A COLONY, KHAYALA -110018"
West Delhi,ABHINAV SAMAJ,"R-10, R-Block, Old Uttam Nagar, New Delhi-110059 (INDIA)"
West Delhi,Action for Resource Development in Health Education by youth association ARADHYA,"E-97 D.D.A. COLONY, KHYALA, Vishnu garden"
West Delhi,Adept Resource Training Services Private Limited,"C-326, Vikas Puri"
North Delhi,A TRUST TO REJUVENATE EARTH & ENVIRONMENT SYSTEMS,H.N. 105 STREET -1 VILLAGE WAZIRABAD DELHI-110084 Head Office -32/1 south civil line
North Delhi,AATMADEEP,"1439/17 KASHMERE GATE, NEAR CHURCH ROAD, KASHMERE GATE, DELHI110006"
North Delhi,Aawahan The New Voice,"Aawahan The New Voice, House No. 115, 4Th Floor, Block F, Gandhi Vihar, Delhi"
North West Delhi,A HELPING HEART,"H NO-24, BLOCK-A, PKT-8, SEC- 15, NEAR SENT ANGEL HOUSE,ROHINI, DELHI-110085"
North West Delhi,AATHMIKA FOUNDATION,"RZA 33/10, GF, PUL PRAHLAD PUR"
North West Delhi,ADARSH SIKSHA SEVA SANSTHAN TRUST,"B-166, SUBHDRA COLONY, SARAI ROHILLA, DELHI- 110035"
North East Delhi,AASRA SUDHAR,H NO 358F F V PO BIJWASAN NEAR MAM CHAND DHARAMSHALA
North East Delhi,Abdul Hamid Khan Memorial Trust,"C-142 St No11 Kanti Nagar Ext Krishna Nagar,delhi-51"
South Delhi,AADIVASHI VEDANSH FOUNDATION,"18/66 DDA FLAT DAKSHIN PURI EXTN, NEW DELHI- 110062"
South Delhi,Aashayein Ek Ummeed,"H.NO-264, Shiva Khand, 2nd Floor, Vishwakarma Nagar"
South Delhi,ABHILAKSHAY EDUCATIONAL AND WELFARE SOCIETY,"JC29, KHIRKI EXTN."
South Delhi,ADARSH BALIKA INNOVATIVE EDUCATIONAL HANDICAPPED AND WELFARE SOCIETY,E-4/6 Mangal Bazar Thana Road Sangam Vihar New Delhi 110080
South East Delhi,A to Z Foundation,36-B FIRST FLOOR KALKAJI NEW DELHI 110019
South East Delhi,AAGHAAZ WELFARE FOUNDATION,"1A/3 G/F BLOCK-B NAI BASTI, OKHLA, DELHI"
South East Delhi,AASHA AUR JANSEWA MAHILA BAL VIKAS TRUST,"H NO.- 27-A, GALI NO.-1, BLOCK -A JAITPUR EXTN. PART-II, BADARPUR, DELHI-110044"
South West Delhi,AASRA SUDHAR,H NO 358F F V PO BIJWASAN NEAR MAM CHAND DHARAMSHALA
South West Delhi,Adhikaar,"a-61,SITAPURI PART-1,DABRI PALAM"
New Delhi,4B foundation,"B/221, Kusumpur Pahari, Vasant Vihar, New Delhi110057"
New Delhi,Aastha Foundation,"12LF, Tansen Marg, New Delhi â€“ 110001"
New Delhi,Action For Social Assistance and Promotion Foundation,67/U/G/F Back Side Flat No -7 Gali No-3 KH.no -447 Harijan Basti Neb Sarai Delhi-110068
